Transaction,Movie_Name,Genre
1,The Nativity Story,Drama
1,Rock of Ages,Comedy
1,Beasts of the Southern Wild,Drama
1,3000 Miles to Graceland,Action
1,The Prestige,Drama
2,Wild Hogs,Action
2,Silent House,Horror
2,Reign of Fire,Adventure
3,Kabhi Alvida Naa Kehna,Drama
3,Blood Done Sign My Name,Drama
3,Baby Geniuses,Science Fiction
4,Sabotage,Action
4,Inescapable,Thriller
4,The Intern,Comedy
5,The Fifth Element,Adventure
5,Baby Geniuses,Science Fiction
5,The Forsaken,Action
5,The Intern,Comedy
6,The Second Best Exotic Marigold Hotel,Drama
6,Django Unchained,Drama
6,The Forsaken,Action
6,The Wailing,Horror
7,Scrooged,Fantasy
7,Lakeview Terrace,Drama
7,Paul Blart: Mall Cop,Action
7,Waterloo,History
7,Beasts of the Southern Wild,Drama
7,Kabhi Alvida Naa Kehna,Drama
8,Automata,Thriller
8,Alien³,Science Fiction
8,The Nativity Story,Drama
8,Tora! Tora! Tora!,History
8,Exorcist II: The Heretic,Horror
8,Into the Wild,Adventure
9,Little Nicky,Comedy
9,The Mirror Has Two Faces,Comedy
9,Beasts of the Southern Wild,Drama
9,High School Musical 3: Senior Year,Comedy
9,Pitch Black,Thriller
9,Sydney White,Comedy
10,Cop Land,Action
10,Return to Never Land,Adventure
10,Dr. Dolittle 2,Comedy
10,Exorcist II: The Heretic,Horror
10,Of Horses and Men,Drama
10,3000 Miles to Graceland,Action
11,3000 Miles to Graceland,Action
11,The Golden Compass,Adventure
11,Alien³,Science Fiction
11,Tora! Tora! Tora!,History
11,The Fifth Element,Adventure
11,The Muse,Fantasy
12,Guiana 1838,Drama
12,The Dog Lover,Drama
12,Megaforce,Adventure
13,Baby Geniuses,Science Fiction
13,Jack Brooks: Monster Slayer,Action
13,Life During Wartime,Comedy
13,Blood Done Sign My Name,Drama
13,Kabhi Alvida Naa Kehna,Drama
13,Good Luck Chuck,Comedy
14,The Return of the Living Dead,Comedy
14,Margin Call,Thriller
14,The Sticky Fingers of Time,Science Fiction
14,Little Nicky,Comedy
14,Lakeview Terrace,Drama
14,Alien³,Science Fiction
15,Warlock,Adventure
15,Annabelle,Horror
15,The Sticky Fingers of Time,Science Fiction
15,Automata,Thriller
16,The Dog Lover,Drama
16,The Sticky Fingers of Time,Science Fiction
16,August Rush,Drama
16,X-Men: The Last Stand,Adventure
16,Penguins of Madagascar,Family
16,Black Mass,Crime
17,The Return of the Living Dead,Comedy
17,Silent House,Horror
17,Django Unchained,Drama
17,Pirates of the Caribbean: The Curse of the Black Pearl,Adventure
17,August Rush,Drama
17,A Tale of Three Cities,Drama
18,The Muse,Fantasy
18,American Reunion,Comedy
18,The Sticky Fingers of Time,Science Fiction
18,August Rush,Drama
18,X-Men: The Last Stand,Adventure
18,The Wedding Date,Comedy
19,Henry & Me,Family
19,Baby Geniuses,Science Fiction
19,Insidious: Chapter 3,Drama
19,The Dog Lover,Drama
19,Sydney White,Comedy
20,Jesus' Son,Comedy
20,Baby Geniuses,Science Fiction
20,August Rush,Drama
21,Hot Fuzz,Crime
21,The Doors,Drama
21,3000 Miles to Graceland,Action
21,Wild Hogs,Action
22,Insidious: Chapter 3,Drama
22,The Little Prince,Adventure
22,The Square,Documentary
23,The Second Best Exotic Marigold Hotel,Drama
23,August Rush,Drama
23,The Santa Clause,Fantasy
23,The Intern,Comedy
24,The Fog,Horror
24,The Wailing,Horror
24,Woman Thou Art Loosed,Drama
24,Wild Hogs,Action
24,Hollywood Ending,Comedy
25,Little Big Top,Comedy
25,Hollywood Ending,Comedy
25,The Ghost and the Darkness,Adventure
25,Boys Don't Cry,Crime
26,Hollywood Ending,Comedy
26,Hot Fuzz,Crime
26,The Doors,Drama
26,The Prestige,Drama
26,The Muse,Fantasy
26,Harry Potter and the Half-Blood Prince,Adventure
27,The Square,Documentary
27,Pitch Black,Thriller
27,The Fog,Horror
27,The Dog Lover,Drama
28,Automata,Thriller
28,Sabotage,Action
28,Swordfish,Action
28,The Sticky Fingers of Time,Science Fiction
29,Pirates of the Caribbean: The Curse of the Black Pearl,Adventure
29,X-Men: The Last Stand,Adventure
29,Cop Land,Action
29,The Doors,Drama
29,Wild Hogs,Action
29,Silent House,Horror
30,The Forsaken,Action
30,Yesterday Was a Lie,Drama
30,August Rush,Drama
30,Star Wars: Episode II - Attack of the Clones,Adventure
30,Little Nicky,Comedy
30,Swordfish,Action
31,Lakeview Terrace,Drama
31,Devil's Due,Horror
31,127 Hours,Adventure
31,Pierrot le Fou,Drama
32,Blood Done Sign My Name,Drama
32,Drive Me Crazy,Drama
32,The Muse,Fantasy
32,Kabhi Alvida Naa Kehna,Drama
33,Life During Wartime,Comedy
33,The Sticky Fingers of Time,Science Fiction
33,Little Big Top,Comedy
33,The Wailing,Horror
33,Guiana 1838,Drama
34,Henry & Me,Family
34,Margin Call,Thriller
34,The Fifth Element,Adventure
34,Valiant,Animation
34,Devil's Due,Horror
35,Casa De Mi Padre,Comedy
35,The Fighter,Drama
35,Valiant,Animation
35,Yesterday Was a Lie,Drama
35,Penguins of Madagascar,Family
36,The Fighter,Drama
36,The Birth of a Nation,Drama
36,American Reunion,Comedy
36,Analyze This,Comedy
36,August Rush,Drama
37,Firestarter,Fantasy
37,The Nativity Story,Drama
37,The Birth of a Nation,Drama
37,Alien³,Science Fiction
37,Jesus' Son,Comedy
38,The Little Prince,Adventure
38,Silent House,Horror
38,The Second Best Exotic Marigold Hotel,Drama
39,Little Big Top,Comedy
39,Analyze This,Comedy
39,Pitch Black,Thriller
39,Wild Hogs,Action
39,Boys Don't Cry,Crime
39,The Fifth Element,Adventure
40,Baby Geniuses,Science Fiction
40,Jesus' Son,Comedy
40,Henry & Me,Family
40,Paul Blart: Mall Cop,Action
40,Django Unchained,Drama
41,Hot Fuzz,Crime
41,Annabelle,Horror
41,The Rainmaker,Drama
41,The Golden Compass,Adventure
42,Jesus' Son,Comedy
42,Hot Fuzz,Crime
42,The Fighter,Drama
43,The Doors,Drama
43,Yesterday Was a Lie,Drama
43,Tora! Tora! Tora!,History
43,Arachnophobia,Comedy
43,The Nativity Story,Drama
43,Margin Call,Thriller
44,Return to Never Land,Adventure
44,American Reunion,Comedy
44,Insidious: Chapter 3,Drama
45,Scrooged,Fantasy
45,Pirates of the Caribbean: The Curse of the Black Pearl,Adventure
45,Megaforce,Adventure
46,Margin Call,Thriller
46,Cop Land,Action
46,"Lock, Stock and Two Smoking Barrels",Comedy
46,The Doors,Drama
46,Life During Wartime,Comedy
46,Boys Don't Cry,Crime
47,Life During Wartime,Comedy
47,Baby Geniuses,Science Fiction
47,Rock of Ages,Comedy
47,Beasts of the Southern Wild,Drama
47,Blood Done Sign My Name,Drama
48,Paul Blart: Mall Cop,Action
48,Cop Land,Action
48,Blood Done Sign My Name,Drama
48,X-Men: The Last Stand,Adventure
48,Analyze This,Comedy
48,Swelter,Action
49,"Lock, Stock and Two Smoking Barrels",Comedy
49,The Sticky Fingers of Time,Science Fiction
49,Chocolate: Deep Dark Secrets,Thriller
49,Life During Wartime,Comedy
50,The Little Prince,Adventure
50,London to Brighton,Crime
50,Drive Me Crazy,Drama
50,The Wailing,Horror
50,Django Unchained,Drama
51,The Mirror Has Two Faces,Comedy
51,Little Big Top,Comedy
51,Blood Done Sign My Name,Drama
51,Tracker,Action
51,American Reunion,Comedy
51,The Santa Clause,Fantasy
52,The Fighter,Drama
52,Little Nicky,Comedy
52,Insidious: Chapter 3,Drama
52,The Fog,Horror
52,Megaforce,Adventure
53,The Forsaken,Action
53,3000 Miles to Graceland,Action
53,The Return of the Living Dead,Comedy
53,Little Nicky,Comedy
53,Silent House,Horror
54,The Santa Clause,Fantasy
54,The Sticky Fingers of Time,Science Fiction
54,Guiana 1838,Drama
54,Life During Wartime,Comedy
55,Inescapable,Thriller
55,Baby Geniuses,Science Fiction
55,127 Hours,Adventure
55,The Dark Knight,Drama
56,Insidious: Chapter 3,Drama
56,3000 Miles to Graceland,Action
56,The Little Prince,Adventure
57,The Dark Knight,Drama
57,2:13,Horror
57,"Lock, Stock and Two Smoking Barrels",Comedy
57,The Golden Compass,Adventure
58,3000 Miles to Graceland,Action
58,The Fighter,Drama
58,Tracker,Action
58,Automata,Thriller
58,Star Wars: Episode II - Attack of the Clones,Adventure
59,The Forsaken,Action
59,Warlock,Adventure
59,Megaforce,Adventure
59,Star Wars: Episode II - Attack of the Clones,Adventure
59,The Sticky Fingers of Time,Science Fiction
59,The Wedding Date,Comedy
60,The Golden Compass,Adventure
60,Pitch Black,Thriller
60,Black Mass,Crime
60,Annabelle,Horror
60,The Dark Knight,Drama
60,Chocolate: Deep Dark Secrets,Thriller
61,"Lock, Stock and Two Smoking Barrels",Comedy
61,Jack Brooks: Monster Slayer,Action
61,Automata,Thriller
62,The Birth of a Nation,Drama
62,Blood Done Sign My Name,Drama
62,Pirates of the Caribbean: The Curse of the Black Pearl,Adventure
62,High School Musical 3: Senior Year,Comedy
63,Hot Fuzz,Crime
63,The Wailing,Horror
63,Jesus' Son,Comedy
63,Rock of Ages,Comedy
63,Life During Wartime,Comedy
64,Rock of Ages,Comedy
64,Woman Thou Art Loosed,Drama
64,The Fog,Horror
65,The Muse,Fantasy
65,"Lock, Stock and Two Smoking Barrels",Comedy
65,Pitch Black,Thriller
65,Insidious: Chapter 3,Drama
65,The Dog Lover,Drama
65,Tracker,Action
66,Automata,Thriller
66,Red Tails,Drama
66,Sabotage,Action
67,Black Mass,Crime
67,August Rush,Drama
67,The Girl with the Dragon Tattoo,Thriller
67,Guiana 1838,Drama
67,Reign of Fire,Adventure
68,Django Unchained,Drama
68,Guiana 1838,Drama
68,There's Always Woodstock,Romance
68,Silent House,Horror
68,Swelter,Action
68,The Ghost and the Darkness,Adventure
69,Of Horses and Men,Drama
69,Swordfish,Action
69,Annabelle,Horror
70,Wild Hogs,Action
70,High School Musical 3: Senior Year,Comedy
70,The Doors,Drama
71,Analyze This,Comedy
71,Insidious: Chapter 3,Drama
71,Baby Geniuses,Science Fiction
72,The Wedding Date,Comedy
72,Inescapable,Thriller
72,Woman Thou Art Loosed,Drama
72,London to Brighton,Crime
73,Henry & Me,Family
73,127 Hours,Adventure
73,Wild Hogs,Action
73,Insidious: Chapter 3,Drama
74,"Lock, Stock and Two Smoking Barrels",Comedy
74,Kabhi Alvida Naa Kehna,Drama
74,Rock of Ages,Comedy
75,The Nativity Story,Drama
75,Arachnophobia,Comedy
75,Valiant,Animation
75,2:13,Horror
75,The Square,Documentary
76,The Nativity Story,Drama
76,Swordfish,Action
76,Life During Wartime,Comedy
76,Jesus' Son,Comedy
76,Black Mass,Crime
76,Star Wars: Episode II - Attack of the Clones,Adventure
77,The Rainmaker,Drama
77,The Fifth Element,Adventure
77,Kabhi Alvida Naa Kehna,Drama
77,Into the Wild,Adventure
77,The Mirror Has Two Faces,Comedy
78,Insidious: Chapter 3,Drama
78,Black Mass,Crime
78,Scrooged,Fantasy
79,Silent House,Horror
79,The Little Prince,Adventure
79,Little Nicky,Comedy
80,Red Tails,Drama
80,Baby Geniuses,Science Fiction
80,The Return of the Living Dead,Comedy
80,Jesus' Son,Comedy
80,The Little Prince,Adventure
81,Scrooged,Fantasy
81,Hot Fuzz,Crime
81,Dr. Dolittle 2,Comedy
81,The Doors,Drama
81,Black Mass,Crime
82,Firestarter,Fantasy
82,The Forsaken,Action
82,3000 Miles to Graceland,Action
82,"Lock, Stock and Two Smoking Barrels",Comedy
83,The Ghost and the Darkness,Adventure
83,The Fifth Element,Adventure
83,2:13,Horror
83,Lakeview Terrace,Drama
83,Chocolate: Deep Dark Secrets,Thriller
84,Harry Potter and the Half-Blood Prince,Adventure
84,Kabhi Alvida Naa Kehna,Drama
84,Paul Blart: Mall Cop,Action
84,Scrooged,Fantasy
84,High School Musical 3: Senior Year,Comedy
84,Hollywood Ending,Comedy
85,X-Men: The Last Stand,Adventure
85,London to Brighton,Crime
85,Automata,Thriller
86,Inescapable,Thriller
86,"Lock, Stock and Two Smoking Barrels",Comedy
86,The Golden Compass,Adventure
86,Reign of Fire,Adventure
86,The Fighter,Drama
86,Hot Fuzz,Crime
87,The Ghost and the Darkness,Adventure
87,The Mirror Has Two Faces,Comedy
87,Sydney White,Comedy
87,Black Mass,Crime
87,There Goes My Baby,Drama
88,The Prestige,Drama
88,Blood Done Sign My Name,Drama
88,Kabhi Alvida Naa Kehna,Drama
88,Hollywood Ending,Comedy
88,The Girl with the Dragon Tattoo,Thriller
88,Of Horses and Men,Drama
89,There's Always Woodstock,Romance
89,Boys Don't Cry,Crime
89,A Tale of Three Cities,Drama
89,Firestarter,Fantasy
89,The Little Prince,Adventure
89,Paul Blart: Mall Cop,Action
90,The Fighter,Drama
90,Of Horses and Men,Drama
90,Waterloo,History
90,Sabotage,Action
90,Red Tails,Drama
91,Sydney White,Comedy
91,The Little Prince,Adventure
91,Pitch Black,Thriller
91,Swordfish,Action
92,Analyze This,Comedy
92,The Nativity Story,Drama
92,The Muse,Fantasy
92,Megaforce,Adventure
92,American Reunion,Comedy
93,The Mirror Has Two Faces,Comedy
93,The Little Prince,Adventure
93,Inescapable,Thriller
93,The Dog Lover,Drama
94,The Prestige,Drama
94,The Santa Clause,Fantasy
94,There Goes My Baby,Drama
95,Swelter,Action
95,Valiant,Animation
95,The Muse,Fantasy
95,The Golden Compass,Adventure
95,Cop Land,Action
95,Insidious: Chapter 3,Drama
96,Analyze This,Comedy
96,The Dog Lover,Drama
96,The Muse,Fantasy
96,The Second Best Exotic Marigold Hotel,Drama
96,Django Unchained,Drama
97,Dr. Dolittle 2,Comedy
97,Analyze This,Comedy
97,Guiana 1838,Drama
97,Little Big Top,Comedy
97,Woman Thou Art Loosed,Drama
98,Wild Hogs,Action
98,Casa De Mi Padre,Comedy
98,The Little Prince,Adventure
98,Drive Me Crazy,Drama
98,Analyze This,Comedy
99,Of Horses and Men,Drama
99,Rock of Ages,Comedy
99,The Wailing,Horror
100,High School Musical 3: Senior Year,Comedy
100,Guiana 1838,Drama
100,A Tale of Three Cities,Drama
101,The Little Prince,Adventure
101,The Square,Documentary
101,Red Tails,Drama
101,The Prestige,Drama
101,Rock of Ages,Comedy
101,Jack Brooks: Monster Slayer,Action
102,The Fifth Element,Adventure
102,The Second Best Exotic Marigold Hotel,Drama
102,Hot Fuzz,Crime
102,Yesterday Was a Lie,Drama
102,Casa De Mi Padre,Comedy
103,Exorcist II: The Heretic,Horror
103,Penguins of Madagascar,Family
103,Waterloo,History
103,Wild Hogs,Action
104,London to Brighton,Crime
104,American Reunion,Comedy
104,The Intern,Comedy
104,127 Hours,Adventure
104,Blood Done Sign My Name,Drama
105,The Second Best Exotic Marigold Hotel,Drama
105,Silent House,Horror
105,The Dog Lover,Drama
105,The Little Prince,Adventure
105,Sabotage,Action
105,Devil's Due,Horror
106,"Lock, Stock and Two Smoking Barrels",Comedy
106,Into the Wild,Adventure
106,Tora! Tora! Tora!,History
106,Pitch Black,Thriller
107,Harry Potter and the Half-Blood Prince,Adventure
107,Beasts of the Southern Wild,Drama
107,Alien³,Science Fiction
107,Tracker,Action
107,The Golden Compass,Adventure
107,Guiana 1838,Drama
108,The Fog,Horror
108,Swelter,Action
108,Little Nicky,Comedy
108,Hollywood Ending,Comedy
108,Black Mass,Crime
109,Hollywood Ending,Comedy
109,Little Nicky,Comedy
109,The Dark Knight,Drama
109,Black Mass,Crime
109,Exorcist II: The Heretic,Horror
109,The Wedding Date,Comedy
110,The Golden Compass,Adventure
110,Sydney White,Comedy
110,Pitch Black,Thriller
110,Arachnophobia,Comedy
111,The Nativity Story,Drama
111,Rock of Ages,Comedy
111,2:13,Horror
111,Dr. Dolittle 2,Comedy
112,The Fighter,Drama
112,Dr. Dolittle 2,Comedy
112,The Golden Compass,Adventure
113,Beasts of the Southern Wild,Drama
113,Wild Hogs,Action
113,Cop Land,Action
114,Automata,Thriller
114,Boys Don't Cry,Crime
114,The Rainmaker,Drama
114,There Goes My Baby,Drama
115,Henry & Me,Family
115,The Return of the Living Dead,Comedy
115,The Square,Documentary
115,Little Big Top,Comedy
115,The Forsaken,Action
116,The Fighter,Drama
116,Tracker,Action
116,Star Wars: Episode II - Attack of the Clones,Adventure
116,Paul Blart: Mall Cop,Action
116,Alien³,Science Fiction
117,Jack Brooks: Monster Slayer,Action
117,The Santa Clause,Fantasy
117,Swordfish,Action
117,Annabelle,Horror
118,The Dark Knight,Drama
118,High School Musical 3: Senior Year,Comedy
118,Hollywood Ending,Comedy
118,Penguins of Madagascar,Family
119,Good Luck Chuck,Comedy
119,Into the Wild,Adventure
119,Beasts of the Southern Wild,Drama
120,X-Men: The Last Stand,Adventure
120,Beasts of the Southern Wild,Drama
120,Guiana 1838,Drama
121,There Goes My Baby,Drama
121,Chocolate: Deep Dark Secrets,Thriller
121,Red Tails,Drama
122,Tora! Tora! Tora!,History
122,London to Brighton,Crime
122,The Golden Compass,Adventure
122,Analyze This,Comedy
122,Jesus' Son,Comedy
123,Guiana 1838,Drama
123,The Wailing,Horror
123,August Rush,Drama
124,The Ghost and the Darkness,Adventure
124,The Dark Knight,Drama
124,Lakeview Terrace,Drama
124,Penguins of Madagascar,Family
125,Silent House,Horror
125,The Little Prince,Adventure
125,Little Nicky,Comedy
126,The Birth of a Nation,Drama
126,The Rainmaker,Drama
126,Hot Fuzz,Crime
126,Scrooged,Fantasy
126,Waterloo,History
126,Megaforce,Adventure
127,Insidious: Chapter 3,Drama
127,A Tale of Three Cities,Drama
127,London to Brighton,Crime
127,Reign of Fire,Adventure
127,The Rainmaker,Drama
127,Swordfish,Action
128,Reign of Fire,Adventure
128,Penguins of Madagascar,Family
128,Warlock,Adventure
128,Life During Wartime,Comedy
128,The Dog Lover,Drama
128,Cop Land,Action
129,Analyze This,Comedy
129,London to Brighton,Crime
129,Lakeview Terrace,Drama
129,127 Hours,Adventure
129,Red Tails,Drama
129,The Fighter,Drama
130,3000 Miles to Graceland,Action
130,Lakeview Terrace,Drama
130,American Reunion,Comedy
130,Valiant,Animation
130,Black Mass,Crime
131,Exorcist II: The Heretic,Horror
131,The Intern,Comedy
131,Black Mass,Crime
132,Yesterday Was a Lie,Drama
132,127 Hours,Adventure
132,Rock of Ages,Comedy
133,The Santa Clause,Fantasy
133,Chocolate: Deep Dark Secrets,Thriller
133,A Tale of Three Cities,Drama
133,The Doors,Drama
134,The Forsaken,Action
134,Hot Fuzz,Crime
134,Paul Blart: Mall Cop,Action
134,Harry Potter and the Half-Blood Prince,Adventure
134,The Wailing,Horror
134,Casa De Mi Padre,Comedy
135,Return to Never Land,Adventure
135,Sabotage,Action
135,The Birth of a Nation,Drama
135,The Forsaken,Action
136,There's Always Woodstock,Romance
136,Swordfish,Action
136,Guiana 1838,Drama
137,There's Always Woodstock,Romance
137,Sabotage,Action
137,Beasts of the Southern Wild,Drama
137,Blood Done Sign My Name,Drama
137,London to Brighton,Crime
137,The Wailing,Horror
138,Into the Wild,Adventure
138,The Mirror Has Two Faces,Comedy
138,The Square,Documentary
138,Django Unchained,Drama
138,Return to Never Land,Adventure
138,Guiana 1838,Drama
139,Scrooged,Fantasy
139,There's Always Woodstock,Romance
139,Penguins of Madagascar,Family
139,Annabelle,Horror
139,"Lock, Stock and Two Smoking Barrels",Comedy
140,Life During Wartime,Comedy
140,The Muse,Fantasy
140,August Rush,Drama
141,The Girl with the Dragon Tattoo,Thriller
141,Penguins of Madagascar,Family
141,Lakeview Terrace,Drama
142,Drive Me Crazy,Drama
142,Sydney White,Comedy
142,Tora! Tora! Tora!,History
142,Into the Wild,Adventure
143,Hot Fuzz,Crime
143,3000 Miles to Graceland,Action
143,Arachnophobia,Comedy
143,X-Men: The Last Stand,Adventure
144,The Second Best Exotic Marigold Hotel,Drama
144,Swelter,Action
144,The Birth of a Nation,Drama
144,The Prestige,Drama
145,Paul Blart: Mall Cop,Action
145,Sabotage,Action
145,Little Nicky,Comedy
145,Inescapable,Thriller
145,Waterloo,History
145,Silent House,Horror
146,Django Unchained,Drama
146,The Rainmaker,Drama
146,Jack Brooks: Monster Slayer,Action
146,Little Big Top,Comedy
146,The Fighter,Drama
146,The Square,Documentary
147,Swordfish,Action
147,Insidious: Chapter 3,Drama
147,Blood Done Sign My Name,Drama
147,Firestarter,Fantasy
148,A Tale of Three Cities,Drama
148,"Lock, Stock and Two Smoking Barrels",Comedy
148,Dr. Dolittle 2,Comedy
148,3000 Miles to Graceland,Action
148,The Birth of a Nation,Drama
148,August Rush,Drama
149,Lakeview Terrace,Drama
149,Swelter,Action
149,The Wedding Date,Comedy
149,Life During Wartime,Comedy
149,Arachnophobia,Comedy
150,Cop Land,Action
150,Annabelle,Horror
150,Return to Never Land,Adventure
151,Alien³,Science Fiction
151,High School Musical 3: Senior Year,Comedy
151,The Ghost and the Darkness,Adventure
151,The Wailing,Horror
151,Casa De Mi Padre,Comedy
152,Black Mass,Crime
152,The Fifth Element,Adventure
152,The Girl with the Dragon Tattoo,Thriller
152,Insidious: Chapter 3,Drama
153,Alien³,Science Fiction
153,127 Hours,Adventure
153,The Fighter,Drama
153,Star Wars: Episode II - Attack of the Clones,Adventure
153,Pirates of the Caribbean: The Curse of the Black Pearl,Adventure
153,Black Mass,Crime
154,The Square,Documentary
154,The Girl with the Dragon Tattoo,Thriller
154,Little Big Top,Comedy
154,Baby Geniuses,Science Fiction
154,Wild Hogs,Action
154,The Fog,Horror
155,127 Hours,Adventure
155,The Prestige,Drama
155,Automata,Thriller
155,Black Mass,Crime
156,Boys Don't Cry,Crime
156,The Nativity Story,Drama
156,Exorcist II: The Heretic,Horror
156,Swordfish,Action
156,Cop Land,Action
156,Valiant,Animation
157,The Sticky Fingers of Time,Science Fiction
157,The Doors,Drama
157,Megaforce,Adventure
158,Scrooged,Fantasy
158,Pirates of the Caribbean: The Curse of the Black Pearl,Adventure
158,Blood Done Sign My Name,Drama
158,Hollywood Ending,Comedy
158,There's Always Woodstock,Romance
158,High School Musical 3: Senior Year,Comedy
159,Henry & Me,Family
159,The Dark Knight,Drama
159,Megaforce,Adventure
159,Life During Wartime,Comedy
159,Pirates of the Caribbean: The Curse of the Black Pearl,Adventure
160,Annabelle,Horror
160,Rock of Ages,Comedy
160,The Sticky Fingers of Time,Science Fiction
160,Pitch Black,Thriller
160,Return to Never Land,Adventure
160,Blood Done Sign My Name,Drama
161,Standing Ovation,Comedy
161,X-Men: The Last Stand,Adventure
161,The Intern,Comedy
162,2:13,Horror
162,Annabelle,Horror
162,The Golden Compass,Adventure
162,The Return of the Living Dead,Comedy
163,Drive Me Crazy,Drama
163,August Rush,Drama
163,The Fifth Element,Adventure
163,Little Nicky,Comedy
163,Inescapable,Thriller
163,Star Wars: Episode II - Attack of the Clones,Adventure
164,Wild Hogs,Action
164,Warlock,Adventure
164,Firestarter,Fantasy
164,Margin Call,Thriller
165,The Fifth Element,Adventure
165,The Fighter,Drama
165,High School Musical 3: Senior Year,Comedy
166,There's Always Woodstock,Romance
166,Swordfish,Action
166,Guiana 1838,Drama
166,Pitch Black,Thriller
166,Return to Never Land,Adventure
166,The Return of the Living Dead,Comedy
167,Waterloo,History
167,127 Hours,Adventure
167,Django Unchained,Drama
168,The Santa Clause,Fantasy
168,Woman Thou Art Loosed,Drama
168,The Fog,Horror
168,Paul Blart: Mall Cop,Action
168,The Second Best Exotic Marigold Hotel,Drama
168,Tora! Tora! Tora!,History
169,The Rainmaker,Drama
169,Kabhi Alvida Naa Kehna,Drama
169,Black Mass,Crime
170,The Rainmaker,Drama
170,Sydney White,Comedy
170,Into the Wild,Adventure
170,Margin Call,Thriller
170,Baby Geniuses,Science Fiction
171,Woman Thou Art Loosed,Drama
171,Megaforce,Adventure
171,The Muse,Fantasy
171,Warlock,Adventure
171,American Reunion,Comedy
171,The Little Prince,Adventure
172,Sydney White,Comedy
172,Jack Brooks: Monster Slayer,Action
172,Wild Hogs,Action
173,The Nativity Story,Drama
173,Penguins of Madagascar,Family
173,Rock of Ages,Comedy
173,Valiant,Animation
173,High School Musical 3: Senior Year,Comedy
173,Red Tails,Drama
174,Red Tails,Drama
174,Swelter,Action
174,Lakeview Terrace,Drama
174,The Wailing,Horror
175,The Fog,Horror
175,There's Always Woodstock,Romance
175,Lakeview Terrace,Drama
175,Wild Hogs,Action
176,Beasts of the Southern Wild,Drama
176,Tracker,Action
176,Standing Ovation,Comedy
176,Pirates of the Caribbean: The Curse of the Black Pearl,Adventure
176,The Doors,Drama
177,Kabhi Alvida Naa Kehna,Drama
177,The Golden Compass,Adventure
177,Chocolate: Deep Dark Secrets,Thriller
177,Annabelle,Horror
177,Sydney White,Comedy
177,The Wedding Date,Comedy
178,The Ghost and the Darkness,Adventure
178,The Wailing,Horror
178,Boys Don't Cry,Crime
178,Good Luck Chuck,Comedy
178,London to Brighton,Crime
178,The Intern,Comedy
179,Henry & Me,Family
179,There's Always Woodstock,Romance
179,3000 Miles to Graceland,Action
179,High School Musical 3: Senior Year,Comedy
179,The Dog Lover,Drama
180,Swordfish,Action
180,Automata,Thriller
180,The Wailing,Horror
181,Inescapable,Thriller
181,Good Luck Chuck,Comedy
181,Penguins of Madagascar,Family
181,Megaforce,Adventure
181,Little Big Top,Comedy
181,Exorcist II: The Heretic,Horror
182,The Birth of a Nation,Drama
182,Swordfish,Action
182,Guiana 1838,Drama
182,Sydney White,Comedy
183,Penguins of Madagascar,Family
183,High School Musical 3: Senior Year,Comedy
183,The Dog Lover,Drama
183,The Square,Documentary
183,Scrooged,Fantasy
183,A Tale of Three Cities,Drama
184,Rock of Ages,Comedy
184,Pirates of the Caribbean: The Curse of the Black Pearl,Adventure
184,Automata,Thriller
185,Wild Hogs,Action
185,Tracker,Action
185,Penguins of Madagascar,Family
185,3000 Miles to Graceland,Action
186,127 Hours,Adventure
186,Henry & Me,Family
186,The Santa Clause,Fantasy
186,American Reunion,Comedy
186,Insidious: Chapter 3,Drama
187,The Intern,Comedy
187,Good Luck Chuck,Comedy
187,The Little Prince,Adventure
187,Lakeview Terrace,Drama
187,Return to Never Land,Adventure
187,Yesterday Was a Lie,Drama
188,Kabhi Alvida Naa Kehna,Drama
188,The Birth of a Nation,Drama
188,There Goes My Baby,Drama
188,London to Brighton,Crime
189,The Prestige,Drama
189,The Second Best Exotic Marigold Hotel,Drama
189,Woman Thou Art Loosed,Drama
190,Sabotage,Action
190,Pitch Black,Thriller
190,The Muse,Fantasy
191,Jesus' Son,Comedy
191,The Nativity Story,Drama
191,London to Brighton,Crime
191,There's Always Woodstock,Romance
191,Yesterday Was a Lie,Drama
191,Standing Ovation,Comedy
192,Casa De Mi Padre,Comedy
192,Kabhi Alvida Naa Kehna,Drama
192,Tora! Tora! Tora!,History
193,The Santa Clause,Fantasy
193,The Fifth Element,Adventure
193,Casa De Mi Padre,Comedy
194,Guiana 1838,Drama
194,Drive Me Crazy,Drama
194,The Fifth Element,Adventure
195,The Mirror Has Two Faces,Comedy
195,Red Tails,Drama
195,Pirates of the Caribbean: The Curse of the Black Pearl,Adventure
195,Return to Never Land,Adventure
196,Pirates of the Caribbean: The Curse of the Black Pearl,Adventure
196,Swelter,Action
196,3000 Miles to Graceland,Action
196,Guiana 1838,Drama
196,Casa De Mi Padre,Comedy
196,The Mirror Has Two Faces,Comedy
197,Casa De Mi Padre,Comedy
197,There's Always Woodstock,Romance
197,Megaforce,Adventure
197,Jesus' Son,Comedy
197,Pitch Black,Thriller
198,Swordfish,Action
198,Exorcist II: The Heretic,Horror
198,Henry & Me,Family
198,High School Musical 3: Senior Year,Comedy
198,The Wailing,Horror
199,Return to Never Land,Adventure
199,The Mirror Has Two Faces,Comedy
199,Of Horses and Men,Drama
200,The Fog,Horror
200,Swordfish,Action
200,Boys Don't Cry,Crime
200,The Ghost and the Darkness,Adventure
201,Reign of Fire,Adventure
201,2:13,Horror
201,Firestarter,Fantasy
201,Sabotage,Action
201,Casa De Mi Padre,Comedy
201,The Wedding Date,Comedy
202,The Rainmaker,Drama
202,Paul Blart: Mall Cop,Action
202,"Lock, Stock and Two Smoking Barrels",Comedy
202,Dr. Dolittle 2,Comedy
202,The Forsaken,Action
203,The Golden Compass,Adventure
203,Margin Call,Thriller
203,The Fifth Element,Adventure
203,The Wailing,Horror
204,The Second Best Exotic Marigold Hotel,Drama
204,Exorcist II: The Heretic,Horror
204,Guiana 1838,Drama
204,Pirates of the Caribbean: The Curse of the Black Pearl,Adventure
204,High School Musical 3: Senior Year,Comedy
205,The Sticky Fingers of Time,Science Fiction
205,Woman Thou Art Loosed,Drama
205,Chocolate: Deep Dark Secrets,Thriller
205,Kabhi Alvida Naa Kehna,Drama
206,Yesterday Was a Lie,Drama
206,Pitch Black,Thriller
206,Kabhi Alvida Naa Kehna,Drama
206,The Nativity Story,Drama
207,Jack Brooks: Monster Slayer,Action
207,Valiant,Animation
207,Red Tails,Drama
207,Swordfish,Action
207,The Girl with the Dragon Tattoo,Thriller
207,Baby Geniuses,Science Fiction
208,Rock of Ages,Comedy
208,Margin Call,Thriller
208,Swelter,Action
208,The Sticky Fingers of Time,Science Fiction
208,Little Big Top,Comedy
208,2:13,Horror
209,The Dog Lover,Drama
209,Jesus' Son,Comedy
209,Beasts of the Southern Wild,Drama
209,Alien³,Science Fiction
210,The Birth of a Nation,Drama
210,Pierrot le Fou,Drama
210,2:13,Horror
210,August Rush,Drama
210,Little Big Top,Comedy
210,The Girl with the Dragon Tattoo,Thriller
211,Pitch Black,Thriller
211,The Fog,Horror
211,Margin Call,Thriller
211,Django Unchained,Drama
212,Analyze This,Comedy
212,Jack Brooks: Monster Slayer,Action
212,Baby Geniuses,Science Fiction
213,The Doors,Drama
213,The Girl with the Dragon Tattoo,Thriller
213,Sabotage,Action
213,The Fog,Horror
213,High School Musical 3: Senior Year,Comedy
214,The Mirror Has Two Faces,Comedy
214,Chocolate: Deep Dark Secrets,Thriller
214,Casa De Mi Padre,Comedy
214,3000 Miles to Graceland,Action
214,Good Luck Chuck,Comedy
215,The Nativity Story,Drama
215,The Golden Compass,Adventure
215,Automata,Thriller
215,Casa De Mi Padre,Comedy
216,Baby Geniuses,Science Fiction
216,Star Wars: Episode II - Attack of the Clones,Adventure
216,Into the Wild,Adventure
217,Insidious: Chapter 3,Drama
217,The Dog Lover,Drama
217,Woman Thou Art Loosed,Drama
217,Penguins of Madagascar,Family
218,Arachnophobia,Comedy
218,Paul Blart: Mall Cop,Action
218,The Muse,Fantasy
218,A Tale of Three Cities,Drama
219,The Square,Documentary
219,The Ghost and the Darkness,Adventure
219,Little Big Top,Comedy
220,Wild Hogs,Action
220,Baby Geniuses,Science Fiction
220,Casa De Mi Padre,Comedy
221,Reign of Fire,Adventure
221,The Fog,Horror
221,Sydney White,Comedy
221,The Wailing,Horror
221,Jesus' Son,Comedy
221,Standing Ovation,Comedy
222,Pierrot le Fou,Drama
222,Casa De Mi Padre,Comedy
222,Woman Thou Art Loosed,Drama
222,Good Luck Chuck,Comedy
222,127 Hours,Adventure
223,The Prestige,Drama
223,The Wedding Date,Comedy
223,Paul Blart: Mall Cop,Action
224,The Fog,Horror
224,The Wailing,Horror
224,Drive Me Crazy,Drama
224,Little Nicky,Comedy
225,3000 Miles to Graceland,Action
225,The Wedding Date,Comedy
225,Inescapable,Thriller
225,Jack Brooks: Monster Slayer,Action
226,The Return of the Living Dead,Comedy
226,The Ghost and the Darkness,Adventure
226,Cop Land,Action
226,Into the Wild,Adventure
226,Exorcist II: The Heretic,Horror
227,The Doors,Drama
227,American Reunion,Comedy
227,A Tale of Three Cities,Drama
227,The Rainmaker,Drama
227,Warlock,Adventure
227,August Rush,Drama
228,Lakeview Terrace,Drama
228,Of Horses and Men,Drama
228,"Lock, Stock and Two Smoking Barrels",Comedy
228,The Rainmaker,Drama
228,The Square,Documentary
228,Boys Don't Cry,Crime
229,Warlock,Adventure
229,Firestarter,Fantasy
229,Waterloo,History
230,Automata,Thriller
230,A Tale of Three Cities,Drama
230,Firestarter,Fantasy
230,Pirates of the Caribbean: The Curse of the Black Pearl,Adventure
230,Return to Never Land,Adventure
230,Guiana 1838,Drama
231,Sydney White,Comedy
231,Cop Land,Action
231,2:13,Horror
231,Hollywood Ending,Comedy
232,Annabelle,Horror
232,Paul Blart: Mall Cop,Action
232,Casa De Mi Padre,Comedy
232,Firestarter,Fantasy
233,The Birth of a Nation,Drama
233,London to Brighton,Crime
233,Firestarter,Fantasy
233,Tracker,Action
233,X-Men: The Last Stand,Adventure
234,Lakeview Terrace,Drama
234,Pierrot le Fou,Drama
234,Jesus' Son,Comedy
234,Harry Potter and the Half-Blood Prince,Adventure
235,Silent House,Horror
235,The Doors,Drama
235,American Reunion,Comedy
235,Star Wars: Episode II - Attack of the Clones,Adventure
236,The Forsaken,Action
236,The Santa Clause,Fantasy
236,Woman Thou Art Loosed,Drama
236,Pierrot le Fou,Drama
236,Of Horses and Men,Drama
237,"Lock, Stock and Two Smoking Barrels",Comedy
237,Megaforce,Adventure
237,The Golden Compass,Adventure
237,Blood Done Sign My Name,Drama
237,Inescapable,Thriller
238,Hot Fuzz,Crime
238,Annabelle,Horror
238,The Rainmaker,Drama
238,The Golden Compass,Adventure
238,Rock of Ages,Comedy
238,Tora! Tora! Tora!,History
239,Django Unchained,Drama
239,Little Nicky,Comedy
239,Automata,Thriller
240,Automata,Thriller
240,Arachnophobia,Comedy
240,3000 Miles to Graceland,Action
240,Little Big Top,Comedy
241,Inescapable,Thriller
241,The Return of the Living Dead,Comedy
241,The Prestige,Drama
241,Jack Brooks: Monster Slayer,Action
241,The Fifth Element,Adventure
242,Woman Thou Art Loosed,Drama
242,Baby Geniuses,Science Fiction
242,Blood Done Sign My Name,Drama
242,Alien³,Science Fiction
242,Beasts of the Southern Wild,Drama
243,Django Unchained,Drama
243,The Fifth Element,Adventure
243,Firestarter,Fantasy
243,Hot Fuzz,Crime
244,Firestarter,Fantasy
244,Baby Geniuses,Science Fiction
244,Casa De Mi Padre,Comedy
244,Silent House,Horror
244,American Reunion,Comedy
244,There's Always Woodstock,Romance
245,The Square,Documentary
245,The Golden Compass,Adventure
245,Little Nicky,Comedy
245,A Tale of Three Cities,Drama
245,The Fog,Horror
245,Paul Blart: Mall Cop,Action
246,Pitch Black,Thriller
246,Exorcist II: The Heretic,Horror
246,Django Unchained,Drama
247,Pierrot le Fou,Drama
247,Firestarter,Fantasy
247,127 Hours,Adventure
247,Guiana 1838,Drama
247,Exorcist II: The Heretic,Horror
247,X-Men: The Last Stand,Adventure
248,Reign of Fire,Adventure
248,2:13,Horror
248,Firestarter,Fantasy
249,Little Nicky,Comedy
249,Waterloo,History
249,Good Luck Chuck,Comedy
249,Of Horses and Men,Drama
249,Firestarter,Fantasy
250,Star Wars: Episode II - Attack of the Clones,Adventure
250,Red Tails,Drama
250,Tracker,Action
250,Valiant,Animation
250,Reign of Fire,Adventure
250,Yesterday Was a Lie,Drama
251,The Sticky Fingers of Time,Science Fiction
251,The Birth of a Nation,Drama
251,Woman Thou Art Loosed,Drama
251,Star Wars: Episode II - Attack of the Clones,Adventure
252,Swordfish,Action
252,2:13,Horror
252,Baby Geniuses,Science Fiction
252,127 Hours,Adventure
252,August Rush,Drama
252,The Second Best Exotic Marigold Hotel,Drama
253,Little Nicky,Comedy
253,Swelter,Action
253,Of Horses and Men,Drama
253,Henry & Me,Family
254,Pitch Black,Thriller
254,The Mirror Has Two Faces,Comedy
254,Return to Never Land,Adventure
254,Paul Blart: Mall Cop,Action
254,Black Mass,Crime
255,The Fighter,Drama
255,Harry Potter and the Half-Blood Prince,Adventure
255,Return to Never Land,Adventure
255,The Second Best Exotic Marigold Hotel,Drama
256,Life During Wartime,Comedy
256,The Little Prince,Adventure
256,Sabotage,Action
256,The Return of the Living Dead,Comedy
256,Analyze This,Comedy
257,Pitch Black,Thriller
257,The Rainmaker,Drama
257,London to Brighton,Crime
257,The Doors,Drama
257,Valiant,Animation
258,Standing Ovation,Comedy
258,Arachnophobia,Comedy
258,The Forsaken,Action
258,Harry Potter and the Half-Blood Prince,Adventure
259,The Birth of a Nation,Drama
259,Blood Done Sign My Name,Drama
259,Pirates of the Caribbean: The Curse of the Black Pearl,Adventure
259,High School Musical 3: Senior Year,Comedy
259,The Second Best Exotic Marigold Hotel,Drama
259,The Little Prince,Adventure
260,Insidious: Chapter 3,Drama
260,Black Mass,Crime
260,Scrooged,Fantasy
260,Silent House,Horror
260,Tora! Tora! Tora!,History
260,Analyze This,Comedy
261,Hollywood Ending,Comedy
261,The Forsaken,Action
261,The Second Best Exotic Marigold Hotel,Drama
262,Hot Fuzz,Crime
262,Exorcist II: The Heretic,Horror
262,Dr. Dolittle 2,Comedy
263,2:13,Horror
263,Waterloo,History
263,Django Unchained,Drama
263,The Girl with the Dragon Tattoo,Thriller
263,Into the Wild,Adventure
263,The Forsaken,Action
264,Baby Geniuses,Science Fiction
264,The Mirror Has Two Faces,Comedy
264,The Square,Documentary
265,The Second Best Exotic Marigold Hotel,Drama
265,Pitch Black,Thriller
265,Warlock,Adventure
266,Insidious: Chapter 3,Drama
266,The Mirror Has Two Faces,Comedy
266,Wild Hogs,Action
266,Casa De Mi Padre,Comedy
266,The Sticky Fingers of Time,Science Fiction
266,The Birth of a Nation,Drama
267,Of Horses and Men,Drama
267,X-Men: The Last Stand,Adventure
267,Alien³,Science Fiction
268,The Square,Documentary
268,There Goes My Baby,Drama
268,The Sticky Fingers of Time,Science Fiction
268,The Doors,Drama
268,Henry & Me,Family
268,Standing Ovation,Comedy
269,Pierrot le Fou,Drama
269,Cop Land,Action
269,Little Big Top,Comedy
269,Return to Never Land,Adventure
269,Harry Potter and the Half-Blood Prince,Adventure
269,Penguins of Madagascar,Family
270,Firestarter,Fantasy
270,The Second Best Exotic Marigold Hotel,Drama
270,Margin Call,Thriller
270,Insidious: Chapter 3,Drama
271,Cop Land,Action
271,The Golden Compass,Adventure
271,The Dog Lover,Drama
271,Sydney White,Comedy
271,The Dark Knight,Drama
271,Alien³,Science Fiction
272,Black Mass,Crime
272,The Fighter,Drama
272,X-Men: The Last Stand,Adventure
272,Rock of Ages,Comedy
273,The Golden Compass,Adventure
273,Harry Potter and the Half-Blood Prince,Adventure
273,The Fog,Horror
273,Arachnophobia,Comedy
273,Pirates of the Caribbean: The Curse of the Black Pearl,Adventure
273,Reign of Fire,Adventure
274,Life During Wartime,Comedy
274,American Reunion,Comedy
274,There Goes My Baby,Drama
274,Good Luck Chuck,Comedy
275,The Wailing,Horror
275,Chocolate: Deep Dark Secrets,Thriller
275,The Fighter,Drama
275,The Fifth Element,Adventure
275,Jack Brooks: Monster Slayer,Action
276,Megaforce,Adventure
276,Beasts of the Southern Wild,Drama
276,Swordfish,Action
276,Penguins of Madagascar,Family
276,Henry & Me,Family
276,Guiana 1838,Drama
277,Automata,Thriller
277,The Fifth Element,Adventure
277,Swelter,Action
277,Wild Hogs,Action
277,Waterloo,History
277,Good Luck Chuck,Comedy
278,Silent House,Horror
278,There's Always Woodstock,Romance
278,Warlock,Adventure
279,Cop Land,Action
279,Automata,Thriller
279,The Intern,Comedy
279,Insidious: Chapter 3,Drama
280,Cop Land,Action
280,The Doors,Drama
280,Devil's Due,Horror
280,Dr. Dolittle 2,Comedy
280,Penguins of Madagascar,Family
281,The Muse,Fantasy
281,Hot Fuzz,Crime
281,The Wedding Date,Comedy
281,Devil's Due,Horror
281,"Lock, Stock and Two Smoking Barrels",Comedy
282,Hot Fuzz,Crime
282,Tracker,Action
282,The Nativity Story,Drama
282,Firestarter,Fantasy
282,American Reunion,Comedy
282,The Dark Knight,Drama
283,Of Horses and Men,Drama
283,Into the Wild,Adventure
283,The Second Best Exotic Marigold Hotel,Drama
283,The Fifth Element,Adventure
283,Woman Thou Art Loosed,Drama
284,Little Big Top,Comedy
284,Swordfish,Action
284,Red Tails,Drama
284,The Fog,Horror
285,Yesterday Was a Lie,Drama
285,Megaforce,Adventure
285,Of Horses and Men,Drama
285,Standing Ovation,Comedy
286,The Fog,Horror
286,Annabelle,Horror
286,The Rainmaker,Drama
287,Beasts of the Southern Wild,Drama
287,Inescapable,Thriller
287,Warlock,Adventure
287,The Golden Compass,Adventure
287,Jesus' Son,Comedy
287,The Fifth Element,Adventure
288,The Intern,Comedy
288,Hot Fuzz,Crime
288,Little Nicky,Comedy
288,Boys Don't Cry,Crime
288,Chocolate: Deep Dark Secrets,Thriller
289,Black Mass,Crime
289,The Dark Knight,Drama
289,Good Luck Chuck,Comedy
289,The Intern,Comedy
290,The Return of the Living Dead,Comedy
290,Paul Blart: Mall Cop,Action
290,Woman Thou Art Loosed,Drama
290,Tora! Tora! Tora!,History
290,Cop Land,Action
291,Swordfish,Action
291,Kabhi Alvida Naa Kehna,Drama
291,August Rush,Drama
291,Sydney White,Comedy
291,Tracker,Action
292,Jack Brooks: Monster Slayer,Action
292,Alien³,Science Fiction
292,Wild Hogs,Action
292,The Girl with the Dragon Tattoo,Thriller
292,The Prestige,Drama
292,The Dark Knight,Drama
293,Jack Brooks: Monster Slayer,Action
293,Pirates of the Caribbean: The Curse of the Black Pearl,Adventure
293,Baby Geniuses,Science Fiction
293,Return to Never Land,Adventure
293,Dr. Dolittle 2,Comedy
293,Waterloo,History
294,August Rush,Drama
294,Hollywood Ending,Comedy
294,Pirates of the Caribbean: The Curse of the Black Pearl,Adventure
294,The Golden Compass,Adventure
294,Henry & Me,Family
294,2:13,Horror
295,Boys Don't Cry,Crime
295,The Return of the Living Dead,Comedy
295,Henry & Me,Family
295,Pitch Black,Thriller
296,Swelter,Action
296,Drive Me Crazy,Drama
296,A Tale of Three Cities,Drama
296,Little Big Top,Comedy
296,Inescapable,Thriller
296,Boys Don't Cry,Crime
297,The Golden Compass,Adventure
297,Jesus' Son,Comedy
297,London to Brighton,Crime
297,Beasts of the Southern Wild,Drama
297,Guiana 1838,Drama
298,Lakeview Terrace,Drama
298,Devil's Due,Horror
298,Sydney White,Comedy
298,A Tale of Three Cities,Drama
298,X-Men: The Last Stand,Adventure
298,Firestarter,Fantasy
299,London to Brighton,Crime
299,The Little Prince,Adventure
299,Baby Geniuses,Science Fiction
299,The Muse,Fantasy
300,Automata,Thriller
300,Firestarter,Fantasy
300,Blood Done Sign My Name,Drama
300,The Fog,Horror
300,Henry & Me,Family
301,Dr. Dolittle 2,Comedy
301,Life During Wartime,Comedy
301,Hollywood Ending,Comedy
301,Little Nicky,Comedy
301,Rock of Ages,Comedy
301,The Rainmaker,Drama
302,Firestarter,Fantasy
302,Tracker,Action
302,127 Hours,Adventure
302,Guiana 1838,Drama
302,Chocolate: Deep Dark Secrets,Thriller
303,Hot Fuzz,Crime
303,"Lock, Stock and Two Smoking Barrels",Comedy
303,The Golden Compass,Adventure
303,The Dog Lover,Drama
303,Of Horses and Men,Drama
304,Into the Wild,Adventure
304,The Square,Documentary
304,The Ghost and the Darkness,Adventure
304,Swordfish,Action
304,"Lock, Stock and Two Smoking Barrels",Comedy
304,Blood Done Sign My Name,Drama
305,Boys Don't Cry,Crime
305,The Golden Compass,Adventure
305,Sabotage,Action
305,The Girl with the Dragon Tattoo,Thriller
305,Penguins of Madagascar,Family
305,Pierrot le Fou,Drama
306,The Little Prince,Adventure
306,Return to Never Land,Adventure
306,127 Hours,Adventure
306,Henry & Me,Family
306,The Wedding Date,Comedy
307,Hot Fuzz,Crime
307,The Square,Documentary
307,The Dog Lover,Drama
307,The Nativity Story,Drama
307,Chocolate: Deep Dark Secrets,Thriller
308,Jack Brooks: Monster Slayer,Action
308,Pirates of the Caribbean: The Curse of the Black Pearl,Adventure
308,Baby Geniuses,Science Fiction
308,Return to Never Land,Adventure
309,Scrooged,Fantasy
309,Pitch Black,Thriller
309,The Wailing,Horror
310,Guiana 1838,Drama
310,Lakeview Terrace,Drama
310,Pirates of the Caribbean: The Curse of the Black Pearl,Adventure
310,Insidious: Chapter 3,Drama
311,Reign of Fire,Adventure
311,The Forsaken,Action
311,Red Tails,Drama
311,Lakeview Terrace,Drama
311,High School Musical 3: Senior Year,Comedy
311,The Prestige,Drama
312,There's Always Woodstock,Romance
312,Black Mass,Crime
312,Good Luck Chuck,Comedy
313,The Mirror Has Two Faces,Comedy
313,Blood Done Sign My Name,Drama
313,Sydney White,Comedy
314,The Forsaken,Action
314,Firestarter,Fantasy
314,The Wedding Date,Comedy
314,The Dark Knight,Drama
314,A Tale of Three Cities,Drama
315,Scrooged,Fantasy
315,The Doors,Drama
315,Sydney White,Comedy
316,The Rainmaker,Drama
316,Swordfish,Action
316,Red Tails,Drama
316,Blood Done Sign My Name,Drama
316,The Little Prince,Adventure
317,There's Always Woodstock,Romance
317,127 Hours,Adventure
317,Good Luck Chuck,Comedy
317,There Goes My Baby,Drama
318,A Tale of Three Cities,Drama
318,The Return of the Living Dead,Comedy
318,3000 Miles to Graceland,Action
318,127 Hours,Adventure
318,The Mirror Has Two Faces,Comedy
319,Rock of Ages,Comedy
319,2:13,Horror
319,Sabotage,Action
319,Pitch Black,Thriller
319,Little Big Top,Comedy
319,127 Hours,Adventure
320,Casa De Mi Padre,Comedy
320,Boys Don't Cry,Crime
320,Silent House,Horror
320,Arachnophobia,Comedy
320,Little Big Top,Comedy
321,Margin Call,Thriller
321,Yesterday Was a Lie,Drama
321,The Wailing,Horror
321,Django Unchained,Drama
321,A Tale of Three Cities,Drama
321,American Reunion,Comedy
322,Blood Done Sign My Name,Drama
322,Little Big Top,Comedy
322,The Fighter,Drama
323,The Fighter,Drama
323,Woman Thou Art Loosed,Drama
323,Sydney White,Comedy
323,Reign of Fire,Adventure
323,Boys Don't Cry,Crime
324,Warlock,Adventure
324,Red Tails,Drama
324,Rock of Ages,Comedy
324,Star Wars: Episode II - Attack of the Clones,Adventure
324,Valiant,Animation
325,The Dog Lover,Drama
325,The Sticky Fingers of Time,Science Fiction
325,August Rush,Drama
326,Firestarter,Fantasy
326,The Birth of a Nation,Drama
326,Hollywood Ending,Comedy
326,The Dog Lover,Drama
326,Dr. Dolittle 2,Comedy
326,Beasts of the Southern Wild,Drama
327,Tora! Tora! Tora!,History
327,Jack Brooks: Monster Slayer,Action
327,Jesus' Son,Comedy
327,The Intern,Comedy
328,Tracker,Action
328,Penguins of Madagascar,Family
328,The Santa Clause,Fantasy
328,Firestarter,Fantasy
329,Reign of Fire,Adventure
329,Annabelle,Horror
329,A Tale of Three Cities,Drama
330,Harry Potter and the Half-Blood Prince,Adventure
330,The Girl with the Dragon Tattoo,Thriller
330,Wild Hogs,Action
330,Baby Geniuses,Science Fiction
330,The Fog,Horror
330,Drive Me Crazy,Drama
331,Insidious: Chapter 3,Drama
331,Reign of Fire,Adventure
331,Little Nicky,Comedy
331,Warlock,Adventure
331,Baby Geniuses,Science Fiction
332,Red Tails,Drama
332,Pitch Black,Thriller
332,Annabelle,Horror
332,Reign of Fire,Adventure
332,Inescapable,Thriller
333,X-Men: The Last Stand,Adventure
333,The Golden Compass,Adventure
333,"Lock, Stock and Two Smoking Barrels",Comedy
333,Lakeview Terrace,Drama
333,The Intern,Comedy
334,Hollywood Ending,Comedy
334,Arachnophobia,Comedy
334,The Prestige,Drama
334,Baby Geniuses,Science Fiction
334,The Forsaken,Action
335,Yesterday Was a Lie,Drama
335,The Second Best Exotic Marigold Hotel,Drama
335,The Birth of a Nation,Drama
335,Waterloo,History
335,Blood Done Sign My Name,Drama
336,Beasts of the Southern Wild,Drama
336,Inescapable,Thriller
336,Warlock,Adventure
336,The Golden Compass,Adventure
336,Jesus' Son,Comedy
336,The Fifth Element,Adventure
337,Reign of Fire,Adventure
337,Guiana 1838,Drama
337,Dr. Dolittle 2,Comedy
337,Little Big Top,Comedy
338,Baby Geniuses,Science Fiction
338,The Muse,Fantasy
338,Automata,Thriller
338,Into the Wild,Adventure
338,Drive Me Crazy,Drama
338,The Ghost and the Darkness,Adventure
339,High School Musical 3: Senior Year,Comedy
339,Red Tails,Drama
339,Swelter,Action
339,The Mirror Has Two Faces,Comedy
339,Dr. Dolittle 2,Comedy
340,The Little Prince,Adventure
340,The Return of the Living Dead,Comedy
340,Megaforce,Adventure
340,X-Men: The Last Stand,Adventure
340,The Fighter,Drama
341,Sydney White,Comedy
341,The Forsaken,Action
341,The Return of the Living Dead,Comedy
341,Sabotage,Action
341,Little Nicky,Comedy
341,The Doors,Drama
342,The Ghost and the Darkness,Adventure
342,Little Nicky,Comedy
342,The Little Prince,Adventure
342,Red Tails,Drama
343,The Second Best Exotic Marigold Hotel,Drama
343,Blood Done Sign My Name,Drama
343,Kabhi Alvida Naa Kehna,Drama
343,Penguins of Madagascar,Family
343,Yesterday Was a Lie,Drama
344,Beasts of the Southern Wild,Drama
344,The Golden Compass,Adventure
344,Analyze This,Comedy
344,2:13,Horror
345,Kabhi Alvida Naa Kehna,Drama
345,Woman Thou Art Loosed,Drama
345,Little Nicky,Comedy
345,The Fifth Element,Adventure
346,The Square,Documentary
346,The Forsaken,Action
346,The Dog Lover,Drama
346,The Fighter,Drama
346,Return to Never Land,Adventure
346,High School Musical 3: Senior Year,Comedy
347,Black Mass,Crime
347,Boys Don't Cry,Crime
347,Penguins of Madagascar,Family
347,127 Hours,Adventure
348,The Ghost and the Darkness,Adventure
348,The Forsaken,Action
348,High School Musical 3: Senior Year,Comedy
349,The Dog Lover,Drama
349,Jesus' Son,Comedy
349,Kabhi Alvida Naa Kehna,Drama
349,Chocolate: Deep Dark Secrets,Thriller
349,127 Hours,Adventure
350,The Girl with the Dragon Tattoo,Thriller
350,Penguins of Madagascar,Family
350,The Santa Clause,Fantasy
350,Warlock,Adventure
351,Swelter,Action
351,Henry & Me,Family
351,Harry Potter and the Half-Blood Prince,Adventure
351,Pirates of the Caribbean: The Curse of the Black Pearl,Adventure
351,The Doors,Drama
351,The Return of the Living Dead,Comedy
352,Good Luck Chuck,Comedy
352,Lakeview Terrace,Drama
352,Arachnophobia,Comedy
352,Pirates of the Caribbean: The Curse of the Black Pearl,Adventure
352,The Square,Documentary
353,The Golden Compass,Adventure
353,Margin Call,Thriller
353,The Return of the Living Dead,Comedy
353,Alien³,Science Fiction
353,The Doors,Drama
353,The Square,Documentary
354,Drive Me Crazy,Drama
354,The Rainmaker,Drama
354,The Nativity Story,Drama
354,Jesus' Son,Comedy
354,Beasts of the Southern Wild,Drama
354,Sabotage,Action
355,Pitch Black,Thriller
355,Margin Call,Thriller
355,Annabelle,Horror
356,The Girl with the Dragon Tattoo,Thriller
356,Rock of Ages,Comedy
356,3000 Miles to Graceland,Action
356,Star Wars: Episode II - Attack of the Clones,Adventure
356,Cop Land,Action
357,Cop Land,Action
357,There's Always Woodstock,Romance
357,Red Tails,Drama
357,Jesus' Son,Comedy
357,"Lock, Stock and Two Smoking Barrels",Comedy
357,Of Horses and Men,Drama
358,Valiant,Animation
358,Pierrot le Fou,Drama
358,Chocolate: Deep Dark Secrets,Thriller
358,A Tale of Three Cities,Drama
359,Valiant,Animation
359,There's Always Woodstock,Romance
359,Arachnophobia,Comedy
359,The Rainmaker,Drama
359,Pirates of the Caribbean: The Curse of the Black Pearl,Adventure
360,Sabotage,Action
360,Beasts of the Southern Wild,Drama
360,The Fighter,Drama
360,The Golden Compass,Adventure
361,Wild Hogs,Action
361,Chocolate: Deep Dark Secrets,Thriller
361,Of Horses and Men,Drama
361,Valiant,Animation
362,Django Unchained,Drama
362,Rock of Ages,Comedy
362,The Intern,Comedy
362,Pierrot le Fou,Drama
363,Megaforce,Adventure
363,Pitch Black,Thriller
363,Kabhi Alvida Naa Kehna,Drama
363,Hot Fuzz,Crime
363,2:13,Horror
364,Good Luck Chuck,Comedy
364,The Forsaken,Action
364,Tora! Tora! Tora!,History
364,The Girl with the Dragon Tattoo,Thriller
365,Lakeview Terrace,Drama
365,The Golden Compass,Adventure
365,Silent House,Horror
365,The Second Best Exotic Marigold Hotel,Drama
366,Alien³,Science Fiction
366,3000 Miles to Graceland,Action
366,Firestarter,Fantasy
366,Hollywood Ending,Comedy
366,127 Hours,Adventure
367,Baby Geniuses,Science Fiction
367,Jesus' Son,Comedy
367,Tracker,Action
368,Firestarter,Fantasy
368,The Forsaken,Action
368,Margin Call,Thriller
368,The Fifth Element,Adventure
368,Drive Me Crazy,Drama
369,Hollywood Ending,Comedy
369,Casa De Mi Padre,Comedy
369,The Dark Knight,Drama
369,August Rush,Drama
369,A Tale of Three Cities,Drama
369,High School Musical 3: Senior Year,Comedy
370,The Little Prince,Adventure
370,The Fifth Element,Adventure
370,Little Big Top,Comedy
370,Baby Geniuses,Science Fiction
370,The Fighter,Drama
370,Waterloo,History
371,3000 Miles to Graceland,Action
371,The Girl with the Dragon Tattoo,Thriller
371,Inescapable,Thriller
371,Of Horses and Men,Drama
371,The Birth of a Nation,Drama
372,The Wailing,Horror
372,Little Big Top,Comedy
372,Star Wars: Episode II - Attack of the Clones,Adventure
372,Henry & Me,Family
373,There's Always Woodstock,Romance
373,Cop Land,Action
373,Good Luck Chuck,Comedy
374,The Golden Compass,Adventure
374,The Fighter,Drama
374,Rock of Ages,Comedy
374,Sabotage,Action
375,Scrooged,Fantasy
375,Pitch Black,Thriller
375,The Dog Lover,Drama
375,Guiana 1838,Drama
375,Casa De Mi Padre,Comedy
375,Standing Ovation,Comedy
376,"Lock, Stock and Two Smoking Barrels",Comedy
376,Into the Wild,Adventure
376,The Rainmaker,Drama
376,Woman Thou Art Loosed,Drama
377,Boys Don't Cry,Crime
377,Beasts of the Southern Wild,Drama
377,There Goes My Baby,Drama
377,The Birth of a Nation,Drama
378,Devil's Due,Horror
378,Waterloo,History
378,The Ghost and the Darkness,Adventure
379,The Intern,Comedy
379,Henry & Me,Family
379,Insidious: Chapter 3,Drama
379,Baby Geniuses,Science Fiction
379,The Mirror Has Two Faces,Comedy
379,Black Mass,Crime
380,The Second Best Exotic Marigold Hotel,Drama
380,Pirates of the Caribbean: The Curse of the Black Pearl,Adventure
380,The Golden Compass,Adventure
381,Kabhi Alvida Naa Kehna,Drama
381,London to Brighton,Crime
381,Alien³,Science Fiction
381,Pirates of the Caribbean: The Curse of the Black Pearl,Adventure
381,Swordfish,Action
381,Rock of Ages,Comedy
382,The Muse,Fantasy
382,High School Musical 3: Senior Year,Comedy
382,Paul Blart: Mall Cop,Action
382,Waterloo,History
382,The Intern,Comedy
382,The Fog,Horror
383,Hot Fuzz,Crime
383,Alien³,Science Fiction
383,The Prestige,Drama
383,Waterloo,History
383,X-Men: The Last Stand,Adventure
384,Of Horses and Men,Drama
384,Wild Hogs,Action
384,Little Big Top,Comedy
384,Beasts of the Southern Wild,Drama
384,Swordfish,Action
384,Rock of Ages,Comedy
385,Sabotage,Action
385,Megaforce,Adventure
385,Devil's Due,Horror
386,The Sticky Fingers of Time,Science Fiction
386,Swordfish,Action
386,The Dog Lover,Drama
387,The Forsaken,Action
387,Silent House,Horror
387,Alien³,Science Fiction
387,Tora! Tora! Tora!,History
388,Alien³,Science Fiction
388,The Little Prince,Adventure
388,Penguins of Madagascar,Family
389,Return to Never Land,Adventure
389,Drive Me Crazy,Drama
389,Exorcist II: The Heretic,Horror
389,There Goes My Baby,Drama
390,Tracker,Action
390,High School Musical 3: Senior Year,Comedy
390,The Dark Knight,Drama
390,Swelter,Action
391,The Birth of a Nation,Drama
391,Django Unchained,Drama
391,Insidious: Chapter 3,Drama
391,Beasts of the Southern Wild,Drama
391,Casa De Mi Padre,Comedy
392,3000 Miles to Graceland,Action
392,The Doors,Drama
392,Annabelle,Horror
393,Of Horses and Men,Drama
393,The Birth of a Nation,Drama
393,Good Luck Chuck,Comedy
394,3000 Miles to Graceland,Action
394,Casa De Mi Padre,Comedy
394,The Birth of a Nation,Drama
394,Star Wars: Episode II - Attack of the Clones,Adventure
394,Black Mass,Crime
395,Annabelle,Horror
395,The Forsaken,Action
395,Lakeview Terrace,Drama
395,Jack Brooks: Monster Slayer,Action
396,Yesterday Was a Lie,Drama
396,Sabotage,Action
396,Good Luck Chuck,Comedy
396,The Dark Knight,Drama
397,The Rainmaker,Drama
397,Paul Blart: Mall Cop,Action
397,Analyze This,Comedy
398,3000 Miles to Graceland,Action
398,American Reunion,Comedy
398,Analyze This,Comedy
398,Wild Hogs,Action
398,Reign of Fire,Adventure
399,Drive Me Crazy,Drama
399,Pitch Black,Thriller
399,Of Horses and Men,Drama
399,Alien³,Science Fiction
399,The Ghost and the Darkness,Adventure
399,American Reunion,Comedy
400,August Rush,Drama
400,Yesterday Was a Lie,Drama
400,The Prestige,Drama
400,Valiant,Animation
400,The Dark Knight,Drama
400,Beasts of the Southern Wild,Drama
401,2:13,Horror
401,Scrooged,Fantasy
401,Pitch Black,Thriller
401,Woman Thou Art Loosed,Drama
401,Little Nicky,Comedy
401,The Birth of a Nation,Drama
402,The Doors,Drama
402,Reign of Fire,Adventure
402,American Reunion,Comedy
402,The Santa Clause,Fantasy
402,Pierrot le Fou,Drama
403,Casa De Mi Padre,Comedy
403,Hollywood Ending,Comedy
403,Red Tails,Drama
403,Black Mass,Crime
404,Annabelle,Horror
404,Rock of Ages,Comedy
404,The Sticky Fingers of Time,Science Fiction
404,Little Big Top,Comedy
404,Blood Done Sign My Name,Drama
405,Analyze This,Comedy
405,Paul Blart: Mall Cop,Action
405,Into the Wild,Adventure
406,The Forsaken,Action
406,The Fifth Element,Adventure
406,Drive Me Crazy,Drama
406,Jack Brooks: Monster Slayer,Action
406,The Sticky Fingers of Time,Science Fiction
406,Hollywood Ending,Comedy
407,The Little Prince,Adventure
407,There Goes My Baby,Drama
407,Sabotage,Action
407,Paul Blart: Mall Cop,Action
407,The Birth of a Nation,Drama
407,Insidious: Chapter 3,Drama
408,Reign of Fire,Adventure
408,Margin Call,Thriller
408,Of Horses and Men,Drama
408,The Doors,Drama
408,Jack Brooks: Monster Slayer,Action
409,Arachnophobia,Comedy
409,The Intern,Comedy
409,Hollywood Ending,Comedy
409,American Reunion,Comedy
409,The Square,Documentary
409,Star Wars: Episode II - Attack of the Clones,Adventure
410,Devil's Due,Horror
410,The Nativity Story,Drama
410,Annabelle,Horror
411,The Return of the Living Dead,Comedy
411,Reign of Fire,Adventure
411,Cop Land,Action
411,Django Unchained,Drama
412,Tora! Tora! Tora!,History
412,Red Tails,Drama
412,Jack Brooks: Monster Slayer,Action
412,The Birth of a Nation,Drama
413,Megaforce,Adventure
413,Inescapable,Thriller
413,Dr. Dolittle 2,Comedy
414,Jesus' Son,Comedy
414,The Forsaken,Action
414,Little Nicky,Comedy
415,Red Tails,Drama
415,The Mirror Has Two Faces,Comedy
415,The Muse,Fantasy
415,Scrooged,Fantasy
415,Good Luck Chuck,Comedy
415,Black Mass,Crime
416,Silent House,Horror
416,Return to Never Land,Adventure
416,The Fighter,Drama
417,Baby Geniuses,Science Fiction
417,August Rush,Drama
417,The Girl with the Dragon Tattoo,Thriller
417,2:13,Horror
417,Dr. Dolittle 2,Comedy
418,The Rainmaker,Drama
418,X-Men: The Last Stand,Adventure
418,Henry & Me,Family
418,Standing Ovation,Comedy
418,The Muse,Fantasy
419,The Return of the Living Dead,Comedy
419,Drive Me Crazy,Drama
419,Rock of Ages,Comedy
419,Sydney White,Comedy
419,Black Mass,Crime
420,Guiana 1838,Drama
420,Jack Brooks: Monster Slayer,Action
420,The Intern,Comedy
420,Swelter,Action
420,The Mirror Has Two Faces,Comedy
421,Penguins of Madagascar,Family
421,Casa De Mi Padre,Comedy
421,The Intern,Comedy
421,Hot Fuzz,Crime
421,The Forsaken,Action
421,Chocolate: Deep Dark Secrets,Thriller
422,Inescapable,Thriller
422,Sydney White,Comedy
422,A Tale of Three Cities,Drama
422,The Fifth Element,Adventure
423,Arachnophobia,Comedy
423,Inescapable,Thriller
423,Jack Brooks: Monster Slayer,Action
423,Lakeview Terrace,Drama
423,2:13,Horror
423,Margin Call,Thriller
424,Pierrot le Fou,Drama
424,London to Brighton,Crime
424,Automata,Thriller
424,Lakeview Terrace,Drama
424,The Fog,Horror
424,The Second Best Exotic Marigold Hotel,Drama
425,Lakeview Terrace,Drama
425,3000 Miles to Graceland,Action
425,Firestarter,Fantasy
425,Chocolate: Deep Dark Secrets,Thriller
425,A Tale of Three Cities,Drama
425,Hollywood Ending,Comedy
426,Penguins of Madagascar,Family
426,Sabotage,Action
426,127 Hours,Adventure
426,The Nativity Story,Drama
426,Star Wars: Episode II - Attack of the Clones,Adventure
427,Penguins of Madagascar,Family
427,The Little Prince,Adventure
427,Sabotage,Action
427,Life During Wartime,Comedy
427,Into the Wild,Adventure
428,Into the Wild,Adventure
428,Insidious: Chapter 3,Drama
428,Henry & Me,Family
428,London to Brighton,Crime
429,The Wailing,Horror
429,There's Always Woodstock,Romance
429,Blood Done Sign My Name,Drama
430,Into the Wild,Adventure
430,3000 Miles to Graceland,Action
430,Hollywood Ending,Comedy
430,The Girl with the Dragon Tattoo,Thriller
430,Rock of Ages,Comedy
431,Little Big Top,Comedy
431,Life During Wartime,Comedy
431,Analyze This,Comedy
432,Boys Don't Cry,Crime
432,Inescapable,Thriller
432,There Goes My Baby,Drama
432,Red Tails,Drama
433,Of Horses and Men,Drama
433,Yesterday Was a Lie,Drama
433,Pirates of the Caribbean: The Curse of the Black Pearl,Adventure
433,London to Brighton,Crime
433,Baby Geniuses,Science Fiction
434,The Mirror Has Two Faces,Comedy
434,Warlock,Adventure
434,Life During Wartime,Comedy
434,The Square,Documentary
434,Guiana 1838,Drama
435,Little Nicky,Comedy
435,The Mirror Has Two Faces,Comedy
435,Beasts of the Southern Wild,Drama
435,High School Musical 3: Senior Year,Comedy
435,Pitch Black,Thriller
436,The Sticky Fingers of Time,Science Fiction
436,Sydney White,Comedy
436,The Fighter,Drama
436,There Goes My Baby,Drama
437,Django Unchained,Drama
437,The Fifth Element,Adventure
437,Firestarter,Fantasy
437,Hot Fuzz,Crime
437,Dr. Dolittle 2,Comedy
438,The Nativity Story,Drama
438,The Girl with the Dragon Tattoo,Thriller
438,Little Big Top,Comedy
438,Annabelle,Horror
439,Silent House,Horror
439,The Fifth Element,Adventure
439,Baby Geniuses,Science Fiction
439,Reign of Fire,Adventure
439,Django Unchained,Drama
440,Red Tails,Drama
440,Pirates of the Caribbean: The Curse of the Black Pearl,Adventure
440,Return to Never Land,Adventure
440,Casa De Mi Padre,Comedy
440,The Golden Compass,Adventure
441,Sydney White,Comedy
441,Red Tails,Drama
441,Cop Land,Action
442,Sabotage,Action
442,127 Hours,Adventure
442,Henry & Me,Family
443,A Tale of Three Cities,Drama
443,London to Brighton,Crime
443,Dr. Dolittle 2,Comedy
444,Into the Wild,Adventure
444,Casa De Mi Padre,Comedy
444,Baby Geniuses,Science Fiction
444,A Tale of Three Cities,Drama
444,Kabhi Alvida Naa Kehna,Drama
445,The Dog Lover,Drama
445,Hot Fuzz,Crime
445,Sabotage,Action
445,Red Tails,Drama
445,Black Mass,Crime
446,Little Nicky,Comedy
446,Inescapable,Thriller
446,American Reunion,Comedy
447,Tora! Tora! Tora!,History
447,The Fifth Element,Adventure
447,The Fighter,Drama
447,Harry Potter and the Half-Blood Prince,Adventure
448,Yesterday Was a Lie,Drama
448,Drive Me Crazy,Drama
448,The Second Best Exotic Marigold Hotel,Drama
448,The Muse,Fantasy
448,Dr. Dolittle 2,Comedy
449,Firestarter,Fantasy
449,Tracker,Action
449,127 Hours,Adventure
449,Guiana 1838,Drama
450,There's Always Woodstock,Romance
450,The Fog,Horror
450,Swelter,Action
450,Alien³,Science Fiction
450,Little Nicky,Comedy
451,Insidious: Chapter 3,Drama
451,The Wailing,Horror
451,Beasts of the Southern Wild,Drama
452,There Goes My Baby,Drama
452,Blood Done Sign My Name,Drama
452,Cop Land,Action
452,The Doors,Drama
453,Waterloo,History
453,Kabhi Alvida Naa Kehna,Drama
453,Wild Hogs,Action
453,Tracker,Action
454,The Prestige,Drama
454,The Fighter,Drama
454,The Square,Documentary
454,Yesterday Was a Lie,Drama
455,Swelter,Action
455,Red Tails,Drama
455,3000 Miles to Graceland,Action
455,The Second Best Exotic Marigold Hotel,Drama
455,Blood Done Sign My Name,Drama
456,Woman Thou Art Loosed,Drama
456,Automata,Thriller
456,The Intern,Comedy
456,Blood Done Sign My Name,Drama
456,X-Men: The Last Stand,Adventure
456,Scrooged,Fantasy
457,Inescapable,Thriller
457,The Birth of a Nation,Drama
457,The Square,Documentary
457,The Ghost and the Darkness,Adventure
457,Pierrot le Fou,Drama
458,Analyze This,Comedy
458,London to Brighton,Crime
458,3000 Miles to Graceland,Action
458,Woman Thou Art Loosed,Drama
458,Kabhi Alvida Naa Kehna,Drama
458,Exorcist II: The Heretic,Horror
459,Hot Fuzz,Crime
459,Standing Ovation,Comedy
459,The Wailing,Horror
459,There's Always Woodstock,Romance
460,The Fighter,Drama
460,Rock of Ages,Comedy
460,There Goes My Baby,Drama
460,The Little Prince,Adventure
461,Baby Geniuses,Science Fiction
461,2:13,Horror
461,The Intern,Comedy
462,Standing Ovation,Comedy
462,Return to Never Land,Adventure
462,Automata,Thriller
462,Scrooged,Fantasy
463,Into the Wild,Adventure
463,Insidious: Chapter 3,Drama
463,Henry & Me,Family
463,London to Brighton,Crime
463,August Rush,Drama
463,Little Big Top,Comedy
464,Baby Geniuses,Science Fiction
464,Life During Wartime,Comedy
464,The Fog,Horror
464,Beasts of the Southern Wild,Drama
464,Paul Blart: Mall Cop,Action
464,Firestarter,Fantasy
465,Valiant,Animation
465,American Reunion,Comedy
465,The Sticky Fingers of Time,Science Fiction
465,The Ghost and the Darkness,Adventure
466,The Intern,Comedy
466,Swelter,Action
466,The Dog Lover,Drama
466,The Wailing,Horror
466,Pierrot le Fou,Drama
467,The Little Prince,Adventure
467,The Doors,Drama
467,Hot Fuzz,Crime
468,The Fighter,Drama
468,Beasts of the Southern Wild,Drama
468,Red Tails,Drama
468,Woman Thou Art Loosed,Drama
468,Black Mass,Crime
468,2:13,Horror
469,The Girl with the Dragon Tattoo,Thriller
469,Black Mass,Crime
469,Alien³,Science Fiction
470,Rock of Ages,Comedy
470,Blood Done Sign My Name,Drama
470,The Intern,Comedy
471,The Fighter,Drama
471,Baby Geniuses,Science Fiction
471,The Forsaken,Action
472,Lakeview Terrace,Drama
472,The Wedding Date,Comedy
472,Blood Done Sign My Name,Drama
472,The Muse,Fantasy
472,The Rainmaker,Drama
472,Alien³,Science Fiction
473,Analyze This,Comedy
473,Tora! Tora! Tora!,History
473,Jesus' Son,Comedy
473,Chocolate: Deep Dark Secrets,Thriller
474,London to Brighton,Crime
474,Automata,Thriller
474,Megaforce,Adventure
474,The Square,Documentary
474,Reign of Fire,Adventure
474,The Little Prince,Adventure
475,The Nativity Story,Drama
475,Wild Hogs,Action
475,Boys Don't Cry,Crime
475,The Square,Documentary
476,Star Wars: Episode II - Attack of the Clones,Adventure
476,Reign of Fire,Adventure
476,Of Horses and Men,Drama
477,Sabotage,Action
477,Warlock,Adventure
477,Cop Land,Action
477,The Wedding Date,Comedy
478,Wild Hogs,Action
478,Return to Never Land,Adventure
478,The Dog Lover,Drama
478,Little Big Top,Comedy
478,Henry & Me,Family
478,London to Brighton,Crime
479,The Square,Documentary
479,The Rainmaker,Drama
479,Swelter,Action
479,A Tale of Three Cities,Drama
480,Life During Wartime,Comedy
480,Paul Blart: Mall Cop,Action
480,The Nativity Story,Drama
481,Devil's Due,Horror
481,The Birth of a Nation,Drama
481,Woman Thou Art Loosed,Drama
481,The Dark Knight,Drama
481,Into the Wild,Adventure
481,The Rainmaker,Drama
482,Dr. Dolittle 2,Comedy
482,The Intern,Comedy
482,Megaforce,Adventure
483,Tracker,Action
483,Cop Land,Action
483,Star Wars: Episode II - Attack of the Clones,Adventure
484,Alien³,Science Fiction
484,Standing Ovation,Comedy
484,Star Wars: Episode II - Attack of the Clones,Adventure
484,Little Nicky,Comedy
484,Kabhi Alvida Naa Kehna,Drama
484,Rock of Ages,Comedy
485,The Fifth Element,Adventure
485,Swelter,Action
485,Baby Geniuses,Science Fiction
485,The Fog,Horror
485,Henry & Me,Family
485,Cop Land,Action
486,Rock of Ages,Comedy
486,The Doors,Drama
486,Wild Hogs,Action
486,The Square,Documentary
487,Drive Me Crazy,Drama
487,The Nativity Story,Drama
487,3000 Miles to Graceland,Action
487,Good Luck Chuck,Comedy
487,Django Unchained,Drama
487,Of Horses and Men,Drama
488,Blood Done Sign My Name,Drama
488,Swordfish,Action
488,Little Big Top,Comedy
488,Henry & Me,Family
488,The Doors,Drama
489,Swordfish,Action
489,Rock of Ages,Comedy
489,Penguins of Madagascar,Family
489,"Lock, Stock and Two Smoking Barrels",Comedy
490,Pierrot le Fou,Drama
490,Annabelle,Horror
490,Guiana 1838,Drama
491,Megaforce,Adventure
491,The Intern,Comedy
491,Good Luck Chuck,Comedy
492,The Dark Knight,Drama
492,Beasts of the Southern Wild,Drama
492,Star Wars: Episode II - Attack of the Clones,Adventure
492,The Santa Clause,Fantasy
493,The Prestige,Drama
493,The Forsaken,Action
493,Silent House,Horror
494,The Wedding Date,Comedy
494,Sabotage,Action
494,The Birth of a Nation,Drama
494,Harry Potter and the Half-Blood Prince,Adventure
494,Scrooged,Fantasy
494,Megaforce,Adventure
495,The Wailing,Horror
495,Pitch Black,Thriller
495,Margin Call,Thriller
496,Henry & Me,Family
496,Megaforce,Adventure
496,2:13,Horror
497,Devil's Due,Horror
497,Life During Wartime,Comedy
497,The Fifth Element,Adventure
497,Swelter,Action
497,Megaforce,Adventure
498,The Dog Lover,Drama
498,Margin Call,Thriller
498,The Fighter,Drama
498,The Wedding Date,Comedy
499,Inescapable,Thriller
499,Silent House,Horror
499,Margin Call,Thriller
500,Scrooged,Fantasy
500,American Reunion,Comedy
500,Firestarter,Fantasy
500,Exorcist II: The Heretic,Horror
500,Insidious: Chapter 3,Drama
500,Valiant,Animation
